Trial,Train_Accuracy,Val_Accuracy
1,[0.993571400642395],[0.9909523725509644]
2,[0.9965872764587402],[0.9907143115997314]
3,[0.9976190328598022],[0.9904761910438538]
4,[0.9919312000274658],[0.9902380704879761]
5,[0.9939417839050293],[0.9900000095367432]
6,[0.9931746125221252],[0.9900000095367432]
7,[0.9910317659378052],[0.9892857074737549]
8,[0.9907671809196472],[0.9888095259666443]
9,[0.9916137456893921],[0.9885714054107666]
10,[0.9914814829826355],[0.9883333444595337]
