{
    "0": {
        "precision": 0.960880195599022,
        "recall": 0.9515738498789347,
        "f1-score": 0.9562043795620437,
        "support": 413
    },
    "1": {
        "precision": 0.9788583509513742,
        "recall": 0.9893162393162394,
        "f1-score": 0.9840595111583422,
        "support": 468
    },
    "2": {
        "precision": 0.9358669833729216,
        "recall": 0.9425837320574163,
        "f1-score": 0.9392133492252681,
        "support": 418
    },
    "3": {
        "precision": 0.8981481481481481,
        "recall": 0.8919540229885058,
        "f1-score": 0.8950403690888121,
        "support": 435
    },
    "4": {
        "precision": 0.8526570048309179,
        "recall": 0.8673218673218673,
        "f1-score": 0.8599269183922046,
        "support": 407
    },
    "5": {
        "precision": 0.8571428571428571,
        "recall": 0.9,
        "f1-score": 0.8780487804878048,
        "support": 380
    },
    "6": {
        "precision": 0.9439252336448598,
        "recall": 0.9758454106280193,
        "f1-score": 0.9596199524940617,
        "support": 414
    },
    "7": {
        "precision": 0.9508196721311475,
        "recall": 0.9227272727272727,
        "f1-score": 0.9365628604382931,
        "support": 440
    },
    "8": {
        "precision": 0.9112271540469974,
        "recall": 0.8596059113300493,
        "f1-score": 0.8846641318124209,
        "support": 406
    },
    "9": {
        "precision": 0.8599033816425121,
        "recall": 0.8496420047732697,
        "f1-score": 0.8547418967587034,
        "support": 419
    },
    "accuracy": 0.9161904761904762,
    "macro avg": {
        "precision": 0.9149428981510758,
        "recall": 0.9150570311021575,
        "f1-score": 0.9148082149417954,
        "support": 4200
    },
    "weighted avg": {
        "precision": 0.9164250483620011,
        "recall": 0.9161904761904762,
        "f1-score": 0.916122762872654,
        "support": 4200
    }
}