{
    "0": {
        "precision": 0.9659367396593674,
        "recall": 0.9612590799031477,
        "f1-score": 0.9635922330097088,
        "support": 413
    },
    "1": {
        "precision": 0.9789473684210527,
        "recall": 0.9935897435897436,
        "f1-score": 0.9862142099681868,
        "support": 468
    },
    "2": {
        "precision": 0.9569377990430622,
        "recall": 0.9569377990430622,
        "f1-score": 0.9569377990430622,
        "support": 418
    },
    "3": {
        "precision": 0.9462616822429907,
        "recall": 0.9310344827586207,
        "f1-score": 0.9385863267670915,
        "support": 435
    },
    "4": {
        "precision": 0.9725,
        "recall": 0.9557739557739557,
        "f1-score": 0.9640644361833953,
        "support": 407
    },
    "5": {
        "precision": 0.931758530183727,
        "recall": 0.9342105263157895,
        "f1-score": 0.9329829172141919,
        "support": 380
    },
    "6": {
        "precision": 0.9694117647058823,
        "recall": 0.9951690821256038,
        "f1-score": 0.9821215733015495,
        "support": 414
    },
    "7": {
        "precision": 0.968609865470852,
        "recall": 0.9818181818181818,
        "f1-score": 0.9751693002257336,
        "support": 440
    },
    "8": {
        "precision": 0.951530612244898,
        "recall": 0.9187192118226601,
        "f1-score": 0.9348370927318297,
        "support": 406
    },
    "9": {
        "precision": 0.9410377358490566,
        "recall": 0.9522673031026253,
        "f1-score": 0.9466192170818506,
        "support": 419
    },
    "accuracy": 0.9588095238095238,
    "macro avg": {
        "precision": 0.9582932097820889,
        "recall": 0.958077936625339,
        "f1-score": 0.9581125105526601,
        "support": 4200
    },
    "weighted avg": {
        "precision": 0.9587428253413052,
        "recall": 0.9588095238095238,
        "f1-score": 0.9587035151815293,
        "support": 4200
    }
}