{
    "0": {
        "precision": 0.957345971563981,
        "recall": 0.9782082324455206,
        "f1-score": 0.9676646706586827,
        "support": 413
    },
    "1": {
        "precision": 0.9872068230277186,
        "recall": 0.9893162393162394,
        "f1-score": 0.9882604055496266,
        "support": 468
    },
    "2": {
        "precision": 0.9536585365853658,
        "recall": 0.9354066985645934,
        "f1-score": 0.9444444444444445,
        "support": 418
    },
    "3": {
        "precision": 0.9164785553047404,
        "recall": 0.9333333333333333,
        "f1-score": 0.9248291571753988,
        "support": 435
    },
    "4": {
        "precision": 0.9582309582309583,
        "recall": 0.9582309582309583,
        "f1-score": 0.9582309582309584,
        "support": 407
    },
    "5": {
        "precision": 0.9133858267716536,
        "recall": 0.9157894736842105,
        "f1-score": 0.9145860709592643,
        "support": 380
    },
    "6": {
        "precision": 0.9665871121718377,
        "recall": 0.9782608695652174,
        "f1-score": 0.9723889555822329,
        "support": 414
    },
    "7": {
        "precision": 0.9658314350797267,
        "recall": 0.9636363636363636,
        "f1-score": 0.9647326507394767,
        "support": 440
    },
    "8": {
        "precision": 0.9285714285714286,
        "recall": 0.896551724137931,
        "f1-score": 0.912280701754386,
        "support": 406
    },
    "9": {
        "precision": 0.9234449760765551,
        "recall": 0.9212410501193318,
        "f1-score": 0.922341696535245,
        "support": 419
    },
    "accuracy": 0.9478571428571428,
    "macro avg": {
        "precision": 0.9470741623383965,
        "recall": 0.9469974943033698,
        "f1-score": 0.9469759711629715,
        "support": 4200
    },
    "weighted avg": {
        "precision": 0.9478183510253968,
        "recall": 0.9478571428571428,
        "f1-score": 0.947778827759481,
        "support": 4200
    }
}