{
    "0": {
        "precision": 0.9254807692307693,
        "recall": 0.9322033898305084,
        "f1-score": 0.9288299155609168,
        "support": 413
    },
    "1": {
        "precision": 0.9787685774946921,
        "recall": 0.9850427350427351,
        "f1-score": 0.9818956336528222,
        "support": 468
    },
    "2": {
        "precision": 0.8842592592592593,
        "recall": 0.9138755980861244,
        "f1-score": 0.8988235294117647,
        "support": 418
    },
    "3": {
        "precision": 0.8274231678486997,
        "recall": 0.8045977011494253,
        "f1-score": 0.8158508158508159,
        "support": 435
    },
    "4": {
        "precision": 0.7815533980582524,
        "recall": 0.7911547911547911,
        "f1-score": 0.7863247863247863,
        "support": 407
    },
    "5": {
        "precision": 0.7855361596009975,
        "recall": 0.8289473684210527,
        "f1-score": 0.8066581306017926,
        "support": 380
    },
    "6": {
        "precision": 0.9307875894988067,
        "recall": 0.9420289855072463,
        "f1-score": 0.936374549819928,
        "support": 414
    },
    "7": {
        "precision": 0.8931818181818182,
        "recall": 0.8931818181818182,
        "f1-score": 0.8931818181818182,
        "support": 440
    },
    "8": {
        "precision": 0.8429319371727748,
        "recall": 0.7931034482758621,
        "f1-score": 0.817258883248731,
        "support": 406
    },
    "9": {
        "precision": 0.7722772277227723,
        "recall": 0.7446300715990454,
        "f1-score": 0.7582017010935602,
        "support": 419
    },
    "accuracy": 0.8647619047619047,
    "macro avg": {
        "precision": 0.8622199904068844,
        "recall": 0.8628765907248608,
        "f1-score": 0.8623399763746935,
        "support": 4200
    },
    "weighted avg": {
        "precision": 0.8644269668959428,
        "recall": 0.8647619047619047,
        "f1-score": 0.8643938601216449,
        "support": 4200
    }
}