{
    "0": {
        "precision": 0.9712230215827338,
        "recall": 0.9806295399515739,
        "f1-score": 0.9759036144578312,
        "support": 413
    },
    "1": {
        "precision": 0.9978540772532188,
        "recall": 0.9935897435897436,
        "f1-score": 0.9957173447537474,
        "support": 468
    },
    "2": {
        "precision": 0.966903073286052,
        "recall": 0.9784688995215312,
        "f1-score": 0.9726516052318669,
        "support": 418
    },
    "3": {
        "precision": 0.9612756264236902,
        "recall": 0.9701149425287356,
        "f1-score": 0.965675057208238,
        "support": 435
    },
    "4": {
        "precision": 0.9949748743718593,
        "recall": 0.972972972972973,
        "f1-score": 0.9838509316770186,
        "support": 407
    },
    "5": {
        "precision": 0.9607329842931938,
        "recall": 0.9657894736842105,
        "f1-score": 0.963254593175853,
        "support": 380
    },
    "6": {
        "precision": 0.9809523809523809,
        "recall": 0.9951690821256038,
        "f1-score": 0.988009592326139,
        "support": 414
    },
    "7": {
        "precision": 0.988558352402746,
        "recall": 0.9818181818181818,
        "f1-score": 0.9851767388825542,
        "support": 440
    },
    "8": {
        "precision": 0.9748743718592965,
        "recall": 0.9556650246305419,
        "f1-score": 0.965174129353234,
        "support": 406
    },
    "9": {
        "precision": 0.9642857142857143,
        "recall": 0.9665871121718377,
        "f1-score": 0.9654350417163289,
        "support": 419
    },
    "accuracy": 0.9764285714285714,
    "macro avg": {
        "precision": 0.9761634476710885,
        "recall": 0.9760804972994933,
        "f1-score": 0.9760848648782812,
        "support": 4200
    },
    "weighted avg": {
        "precision": 0.9765188514592604,
        "recall": 0.9764285714285714,
        "f1-score": 0.9764373145037174,
        "support": 4200
    }
}