{
    "0": {
        "precision": 0.9877750611246944,
        "recall": 0.9782082324455206,
        "f1-score": 0.9829683698296837,
        "support": 413
    },
    "1": {
        "precision": 0.9914893617021276,
        "recall": 0.9957264957264957,
        "f1-score": 0.9936034115138592,
        "support": 468
    },
    "2": {
        "precision": 0.9740566037735849,
        "recall": 0.9880382775119617,
        "f1-score": 0.9809976247030878,
        "support": 418
    },
    "3": {
        "precision": 0.9588100686498856,
        "recall": 0.9632183908045977,
        "f1-score": 0.9610091743119265,
        "support": 435
    },
    "4": {
        "precision": 0.9850746268656716,
        "recall": 0.972972972972973,
        "f1-score": 0.9789864029666254,
        "support": 407
    },
    "5": {
        "precision": 0.9434447300771208,
        "recall": 0.9657894736842105,
        "f1-score": 0.9544863459037711,
        "support": 380
    },
    "6": {
        "precision": 0.9855421686746988,
        "recall": 0.9879227053140096,
        "f1-score": 0.9867310012062726,
        "support": 414
    },
    "7": {
        "precision": 0.9773242630385488,
        "recall": 0.9795454545454545,
        "f1-score": 0.978433598183882,
        "support": 440
    },
    "8": {
        "precision": 0.9772727272727273,
        "recall": 0.9532019704433498,
        "f1-score": 0.9650872817955112,
        "support": 406
    },
    "9": {
        "precision": 0.9640287769784173,
        "recall": 0.9594272076372315,
        "f1-score": 0.9617224880382776,
        "support": 419
    },
    "accuracy": 0.9747619047619047,
    "macro avg": {
        "precision": 0.9744818388157477,
        "recall": 0.9744051181085804,
        "f1-score": 0.9744025698452898,
        "support": 4200
    },
    "weighted avg": {
        "precision": 0.974852012076133,
        "recall": 0.9747619047619047,
        "f1-score": 0.9747679012685463,
        "support": 4200
    }
}