{
    "0": {
        "precision": 0.9612590799031477,
        "recall": 0.9612590799031477,
        "f1-score": 0.9612590799031477,
        "support": 413
    },
    "1": {
        "precision": 0.9809322033898306,
        "recall": 0.9893162393162394,
        "f1-score": 0.9851063829787234,
        "support": 468
    },
    "2": {
        "precision": 0.9214780600461894,
        "recall": 0.9545454545454546,
        "f1-score": 0.937720329024677,
        "support": 418
    },
    "3": {
        "precision": 0.8963133640552995,
        "recall": 0.8942528735632184,
        "f1-score": 0.8952819332566168,
        "support": 435
    },
    "4": {
        "precision": 0.8432304038004751,
        "recall": 0.8722358722358723,
        "f1-score": 0.857487922705314,
        "support": 407
    },
    "5": {
        "precision": 0.8693467336683417,
        "recall": 0.9105263157894737,
        "f1-score": 0.8894601542416453,
        "support": 380
    },
    "6": {
        "precision": 0.9481132075471698,
        "recall": 0.9710144927536232,
        "f1-score": 0.9594272076372315,
        "support": 414
    },
    "7": {
        "precision": 0.9597156398104265,
        "recall": 0.9204545454545454,
        "f1-score": 0.9396751740139211,
        "support": 440
    },
    "8": {
        "precision": 0.9257294429708223,
        "recall": 0.8596059113300493,
        "f1-score": 0.8914431673052362,
        "support": 406
    },
    "9": {
        "precision": 0.8669950738916257,
        "recall": 0.8400954653937948,
        "f1-score": 0.8533333333333334,
        "support": 419
    },
    "accuracy": 0.9183333333333333,
    "macro avg": {
        "precision": 0.9173113209083329,
        "recall": 0.9173306250285419,
        "f1-score": 0.9170194684399847,
        "support": 4200
    },
    "weighted avg": {
        "precision": 0.9187161395329588,
        "recall": 0.9183333333333333,
        "f1-score": 0.9182308338110489,
        "support": 4200
    }
}